Track No,Title,Prompt Variant,Suno Model,Generated Date,Source File or URL,Melody Clear,Quietness,Does Not Distract Video,20-40s Clip Works,Temple/Buddha Fit,Overall,Best Clip Time,Notes
0,a calm afterglow,Tutorial,,,,Library/a calm afterglow.mp3,,,,,,,チュートリアルで作成した1曲目。基準曲として確認する。
1,Quiet Piano 01,Recommended First Prompt,,,,,,,,,,,
2,Quiet Piano 02,Recommended First Prompt,,,,,,,,,,,
3,Quiet Piano 03,Recommended First Prompt,,,,,,,,,,,
4,Quiet Piano 04,Recommended First Prompt,,,,,,,,,,,
5,Quiet Piano 05,Recommended First Prompt,,,,,,,,,,,
6,Quiet Piano 06,Recommended First Prompt,,,,,,,,,,,
7,Quiet Piano 07,Recommended First Prompt,,,,,,,,,,,
8,Quiet Piano 08,Recommended First Prompt,,,,,,,,,,,
9,Quiet Piano 09,Recommended First Prompt,,,,,,,,,,,
10,Quiet Piano 10,Recommended First Prompt,,,,,,,,,,,
11,Quiet Temple Piano 01,SUNO-001 / Recommended First Prompt,v6,2026-10-01,https://suno.com/s/5FOGBsR7401rxDxI,,,,,,,長さ1:20。短尺版/ショート向けテイクとして確認する。
12,Quiet Temple Piano 01,SUNO-002 / Recommended First Prompt,v6,2026-10-01,https://suno.com/s/CA9YOnbSoX8ShUOu,,,,,,,長さ3:03。フル尺テイクとして確認する。
