date,post_text
5/11/2026,"【現象】
情報を集めている時間は長いのに、実際に形にしたものは少ない。

【ズレ】
理解が深まれば自然に動けると思っていた。

【構造仮説】
「理解」と「着手」は別の工程。頭の中で完成させようとすると動けなくなる。

【次の実験】
完成前でも小さく出してみる。"
5/12/2026,"【現象】
やることを増やすほど、逆に止まりやすくなる。

【ズレ】
選択肢が多い方が自由度は高いはずだった。

【構造仮説】
脳内で優先順位の競合が起きている。選択肢が多すぎると処理コストが増える。

【次の実験】
今日やるテーマを1つだけに固定する。"
5/13/2026,"【現象】
違和感を覚えた場面は、後から振り返ると大体ズレている。

【ズレ】
以前は「気にしすぎ」だと思って流していた。

【構造仮説】
違和感は感情ではなく、構造矛盾の検知かもしれない。

【次の実験】
違和感を感じた瞬間をメモする。"
5/14/2026,"【現象】
考えを言語化すると、自分の理解の浅さが見える。

【ズレ】
頭の中では整理できている感覚があった。

【構造仮説】
言語化は理解確認の工程。曖昧さが可視化される。

【次の実験】
思考を4行以内で説明してみる。"
5/15/2026,"【現象】
「あとでまとめよう」と思った内容は大体消える。

【ズレ】
重要なものは記憶に残ると思っていた。

【構造仮説】
脳は保存装置ではなく処理装置。外部化しないと流れる。

【次の実験】
思いついた瞬間に短文で残す。"
5/16/2026,"【現象】
他人の成功法則を真似しても、微妙に噛み合わないことがある。

【ズレ】
再現性が高いなら同じ結果になると思っていた。

【構造仮説】
前提条件や性質が違えば、同じ方法でもズレる。

【次の実験】
「方法」ではなく「前提条件」を観察する。"
5/17/2026,"【現象】
疲れている時ほど、情報を増やして安心しようとしてしまう。

【ズレ】
休めばいいだけのはずだった。

【構造仮説】
不安を「情報収集」で埋めようとしている。

【次の実験】
疲労時は入力を止めて休息を優先する。"
5/18/2026,"【現象】
人の話を聞いていると、内容より構造が気になる。

【ズレ】
普通は結論そのものに注目するらしい。

【構造仮説】
自分は「何を言ったか」より「どう成り立っているか」を見ている。

【次の実験】
会話中に因果関係を意識してみる。"
5/19/2026,"【現象】
完璧に準備したい時ほど動けなくなる。

【ズレ】
準備不足より安全だと思っていた。

【構造仮説】
失敗回避が目的化すると、行動コストが無限に増える。

【次の実験】
未完成でも一度出力してみる。"
5/20/2026,"【現象】
小さく始めたものの方が継続しやすい。

【ズレ】
最初から大きく設計した方が効率的だと思っていた。

【構造仮説】
継続には勢いより摩擦の少なさが重要。

【次の実験】
作業開始を5分以内にできる形にする。"
5/21/2026,"【現象】
考え続けるより、一度書いた方が整理される。

【ズレ】
頭の中だけで整理できると思っていた。

【構造仮説】
思考は外に出した瞬間に構造化される。

【次の実験】
迷ったらまず箇条書きにする。"
5/22/2026,"【現象】
興味のあることは自然に深掘りしてしまう。

【ズレ】
集中力は気合で作るものだと思っていた。

【構造仮説】
集中は努力より「対象との接続」で起きる。

【次の実験】
興味が続くテーマを観察する。"
5/23/2026,"【現象】
抽象化すると理解が深まるが、行動は止まりやすい。

【ズレ】
本質理解が進めば行動もしやすくなると思っていた。

【構造仮説】
抽象化は方向性を示すが、具体化しないと動けない。

【次の実験】
最後に必ず具体行動へ落とし込む。"
5/24/2026,"【現象】
一人で考えていると、視点が固定される。

【ズレ】
深く考えるほど精度が上がると思っていた。

【構造仮説】
同じ前提で回り続けると、盲点に気づきにくい。

【次の実験】
別視点を持つ人の意見を1つだけ取り入れる。"
5/25/2026,"【現象】
「やる気」を待っていると始まらない。

【ズレ】
気分が整えば自然に動けると思っていた。

【構造仮説】
やる気は開始後に発生することが多い。

【次の実験】
2分だけ着手してみる。"
5/26/2026,"【現象】
問題そのものより、問題設定で詰まることが多い。

【ズレ】
解決能力が足りないと思っていた。

【構造仮説】
問いの解像度が低いと、答えも曖昧になる。

【次の実験】
「何に困っているのか」を先に言語化する。"
5/27/2026,"【現象】
SNSを見続けると、自分の基準が揺らぐ。

【ズレ】
情報収集はプラスになると思っていた。

【構造仮説】
他人の価値観が大量流入すると、自分の軸が散る。

【次の実験】
入力時間を制限する。"
5/28/2026,"【現象】
小さな成功でも記録すると再現しやすい。

【ズレ】
失敗だけ分析すれば十分だと思っていた。

【構造仮説】
成功も構造化しないと偶然で終わる。

【次の実験】
うまくいった理由を1つ書き残す。"
5/29/2026,"【現象】
環境が変わると、思考や行動も変わる。

【ズレ】
意思の強さが重要だと思っていた。

【構造仮説】
人は意志より環境の影響を強く受ける。

【次の実験】
作業しやすい環境を先に整える。"
5/30/2026,"【現象】
理解したつもりでも、人に説明すると詰まる。

【ズレ】
理解＝説明可能だと思っていた。

【構造仮説】
説明できない部分に未整理領域がある。

【次の実験】
「中学生に説明する前提」で整理する。"
5/31/2026,"【現象】
考えすぎると、逆に判断精度が落ちる時がある。

【ズレ】
思考量が多いほど良い判断になると思っていた。

【構造仮説】
情報過多で重要信号が埋もれている。

【次の実験】
判断基準を3つに絞る。"
6/1/2026,"【現象】
継続できるものは、負荷が低い。

【ズレ】
努力量が多いほど価値が高いと思っていた。

【構造仮説】
継続には根性より仕組みが必要。

【次の実験】
毎日できる最小単位を決める。"
6/2/2026,"【現象】
自分の中で納得した瞬間、行動速度が上がる。

【ズレ】
外部評価が行動力を生むと思っていた。

【構造仮説】
自分は外圧より内的整合性で動くタイプ。

【次の実験】
「なぜやるか」を先に整理する。"
6/3/2026,"【現象】
少しずつでも記録していると、思考の変化が見えてくる。

【ズレ】
単発の気づきだけが価値だと思っていた。

【構造仮説】
蓄積によってパターン認識が起きている。

【次の実験】
過去ログを読み返して共通点を探す。"
